foodid_goc,foodidx
0,0
1,1
2,2
3,3
4,4
5,5
6,6
7,7
8,8
9,9
10,10
11,11
12,12
13,13
14,14
15,15
16,16
17,17
18,18
19,19
20,20
21,21
22,22
23,23
24,24
25,25
26,26
27,27
28,28
29,29
30,30
31,31
32,32
33,33
34,34
35,35
36,36
37,37
38,38
39,39
40,40
41,41
42,42
43,43
44,44
45,45
46,46
47,47
48,48
49,49
50,50
51,51
52,52
53,53
54,54
55,55
56,56
57,57
58,58
59,59
60,60
61,61
62,62
63,63
64,64
65,65
66,66
67,67
68,68
69,69
70,70
71,71
72,72
73,73
74,74
75,75
76,76
77,77
78,78
79,79
80,80
81,81
82,82
83,83
84,84
85,85
86,86
87,87
88,88
89,89
90,90
91,91
92,92
93,93
94,94
95,95
96,96
97,97
98,98
99,99
100,100
101,101
102,102
103,103
104,104
105,105
106,106
107,107
108,108
109,109
110,110
111,111
112,112
113,113
114,114
115,115
116,116
117,117
118,118
119,119
120,120
121,121
122,122
123,123
124,124
125,125
126,126
127,127
128,128
129,129
130,130
131,131
132,132
133,133
134,134
135,135
136,136
137,137
138,138
139,139
140,140
141,141
142,142
143,143
144,144
145,145
146,146
147,147
148,148
149,149
150,150
151,151
152,152
153,153
154,154
155,155
156,156
157,157
158,158
159,159
160,160
161,161
162,162
163,163
164,164
165,165
166,166
167,167
168,168
169,169
170,170
171,171
172,172
173,173
174,174
175,175
176,176
177,177
178,178
179,179
180,180
181,181
182,182
183,183
184,184
185,185
186,186
187,187
188,188
189,189
190,190
191,191
192,192
193,193
194,194
195,195
196,196
197,197
198,198
199,199
200,200
201,201
202,202
203,203
204,204
205,205
206,206
207,207
208,208
209,209
210,210
211,211
212,212
213,213
214,214
215,215
216,216
217,217
218,218
219,219
220,220
221,221
222,222
223,223
224,224
225,225
226,226
227,227
228,228
229,229
230,230
231,231
232,232
233,233
234,234
235,235
236,236
237,237
238,238
239,239
240,240
241,241
242,242
243,243
244,244
245,245
246,246
247,247
248,248
249,249
250,250
251,251
252,252
253,253
254,254
255,255
256,256
257,257
258,258
259,259
260,260
261,261
262,262
263,263
264,264
265,265
266,266
267,267
268,268
269,269
270,270
271,271
272,272
273,273
274,274
276,275
277,276
278,277
279,278
280,279
281,280
282,281
283,282
284,283
285,284
286,285
287,286
288,287
289,288
290,289
291,290
292,291
293,292
294,293
295,294
296,295
297,296
298,297
299,298
300,299
301,300
302,301
303,302
304,303
305,304
306,305
307,306
308,307
309,308
310,309
311,310
312,311
313,312
314,313
315,314
316,315
317,316
318,317
319,318
320,319
321,320
322,321
323,322
324,323
325,324
326,325
327,326
328,327
329,328
330,329
331,330
332,331
333,332
334,333
335,334
336,335
337,336
338,337
339,338
340,339
341,340
342,341
343,342
344,343
345,344
346,345
347,346
348,347
349,348
350,349
351,350
352,351
353,352
354,353
355,354
356,355
357,356
358,357
359,358
360,359
361,360
362,361
363,362
364,363
365,364
366,365
367,366
368,367
369,368
370,369
371,370
372,371
373,372
374,373
375,374
376,375
377,376
378,377
379,378
380,379
381,380
382,381
383,382
384,383
385,384
386,385
387,386
388,387
389,388
390,389
391,390
392,391
393,392
394,393
395,394
397,395
398,396
399,397
400,398
401,399
402,400
403,401
404,402
405,403
406,404
407,405
408,406
409,407
410,408
411,409
412,410
413,411
414,412
415,413
416,414
417,415
418,416
419,417
420,418
421,419
422,420
423,421
424,422
425,423
426,424
427,425
428,426
429,427
430,428
431,429
432,430
433,431
434,432
435,433
436,434
437,435
438,436
439,437
440,438
441,439
442,440
443,441
444,442
445,443
446,444
447,445
448,446
449,447
450,448
451,449
452,450
453,451
454,452
455,453
456,454
457,455
458,456
459,457
460,458
461,459
462,460
463,461
464,462
465,463
466,464
467,465
468,466
469,467
470,468
471,469
472,470
473,471
474,472
475,473
476,474
477,475
478,476
479,477
480,478
481,479
482,480
483,481
484,482
485,483
486,484
487,485
488,486
489,487
490,488
491,489
492,490
493,491
494,492
495,493
496,494
497,495
498,496
499,497
500,498
501,499
502,500
503,501
504,502
505,503
506,504
507,505
508,506
509,507
510,508
511,509
512,510
513,511
514,512
515,513
516,514
517,515
518,516
519,517
520,518
521,519
522,520
523,521
524,522
525,523
526,524
527,525
528,526
529,527
530,528
531,529
532,530
533,531
534,532
535,533
536,534
537,535
538,536
539,537
540,538
541,539
542,540
543,541
544,542
545,543
546,544
547,545
548,546
549,547
550,548
551,549
552,550
553,551
554,552
555,553
556,554
557,555
558,556
559,557
560,558
561,559
562,560
563,561
564,562
565,563
566,564
567,565
568,566
569,567
570,568
571,569
572,570
573,571
574,572
575,573
576,574
577,575
578,576
579,577
580,578
581,579
582,580
583,581
584,582
585,583
586,584
587,585
588,586
589,587
590,588
591,589
592,590
593,591
594,592
595,593
596,594
597,595
598,596
599,597
600,598
601,599
602,600
603,601
604,602
605,603
606,604
607,605
608,606
609,607
610,608
611,609
612,610
613,611
614,612
615,613
616,614
617,615
618,616
619,617
620,618
621,619
622,620
623,621
624,622
625,623
626,624
627,625
628,626
629,627
630,628
631,629
632,630
633,631
634,632
635,633
636,634
637,635
638,636
639,637
640,638
641,639
642,640
643,641
644,642
645,643
646,644
647,645
648,646
649,647
650,648
651,649
652,650
653,651
654,652
655,653
656,654
657,655
658,656
659,657
660,658
661,659
662,660
663,661
664,662
665,663
666,664
667,665
668,666
669,667
670,668
671,669
672,670
673,671
675,672
676,673
677,674
678,675
679,676
680,677
681,678
682,679
683,680
684,681
685,682
686,683
687,684
688,685
689,686
690,687
691,688
692,689
693,690
694,691
695,692
696,693
697,694
698,695
699,696
700,697
701,698
702,699
703,700
704,701
705,702
706,703
707,704
708,705
709,706
710,707
711,708
712,709
713,710
714,711
715,712
716,713
717,714
718,715
719,716
720,717
721,718
722,719
723,720
724,721
725,722
726,723
727,724
728,725
729,726
730,727
731,728
732,729
733,730
734,731
735,732
736,733
737,734
738,735
739,736
740,737
741,738
742,739
743,740
744,741
745,742
746,743
747,744
748,745
749,746
750,747
751,748
752,749
753,750
754,751
755,752
756,753
757,754
758,755
759,756
760,757
761,758
762,759
763,760
764,761
765,762
766,763
767,764
768,765
769,766
770,767
771,768
772,769
773,770
774,771
775,772
776,773
777,774
778,775
779,776
780,777
781,778
782,779
783,780
784,781
785,782
786,783
787,784
788,785
789,786
790,787
791,788
792,789
793,790
794,791
795,792
796,793
797,794
798,795
799,796
800,797
801,798
802,799
803,800
804,801
805,802
806,803
807,804
808,805
809,806
810,807
811,808
812,809
813,810
814,811
815,812
816,813
817,814
818,815
819,816
820,817
821,818
822,819
823,820
824,821
825,822
826,823
827,824
828,825
829,826
830,827
831,828
832,829
833,830
834,831
835,832
836,833
837,834
838,835
839,836
840,837
841,838
842,839
843,840
844,841
845,842
846,843
847,844
848,845
849,846
850,847
851,848
852,849
853,850
854,851
855,852
856,853
857,854
858,855
859,856
860,857
861,858
862,859
863,860
864,861
865,862
866,863
867,864
868,865
869,866
870,867
871,868
872,869
873,870
874,871
875,872
876,873
877,874
878,875
879,876
880,877
881,878
882,879
883,880
884,881
885,882
886,883
887,884
888,885
889,886
890,887
891,888
892,889
893,890
894,891
895,892
896,893
897,894
898,895
899,896
900,897
901,898
902,899
903,900
904,901
905,902
906,903
907,904
908,905
909,906
910,907
911,908
912,909
913,910
914,911
915,912
916,913
917,914
918,915
919,916
920,917
921,918
922,919
923,920
924,921
925,922
926,923
927,924
928,925
929,926
930,927
931,928
932,929
933,930
934,931
935,932
936,933
937,934
938,935
939,936
940,937
941,938
942,939
943,940
944,941
945,942
946,943
947,944
948,945
949,946
950,947
951,948
952,949
953,950
954,951
955,952
956,953
957,954
958,955
959,956
960,957
961,958
962,959
963,960
964,961
965,962
966,963
967,964
968,965
969,966
970,967
971,968
972,969
973,970
974,971
975,972
976,973
977,974
978,975
979,976
980,977
981,978
982,979
983,980
984,981
985,982
986,983
987,984
988,985
989,986
990,987
991,988
992,989
994,990
995,991
996,992
997,993
998,994
999,995
1000,996
1001,997
1002,998
1003,999
1004,1000
1005,1001
1006,1002
1007,1003
1008,1004
1009,1005
1010,1006
1011,1007
1012,1008
1013,1009
1014,1010
1015,1011
1016,1012
1017,1013
1018,1014
1019,1015
1020,1016
1021,1017
1022,1018
1023,1019
1024,1020
1025,1021
1026,1022
1027,1023
1028,1024
1029,1025
1030,1026
1031,1027
1032,1028
1033,1029
1034,1030
1035,1031
1036,1032
1037,1033
1038,1034
1039,1035
1040,1036
1041,1037
1042,1038
1043,1039
1044,1040
1045,1041
1046,1042
1047,1043
1048,1044
1049,1045
1050,1046
1051,1047
1052,1048
1053,1049
1054,1050
1055,1051
1056,1052
1057,1053
1058,1054
1059,1055
1061,1056
1062,1057
1063,1058
1064,1059
1065,1060
1066,1061
1067,1062
1068,1063
1069,1064
1070,1065
1071,1066
1072,1067
1073,1068
1074,1069
1075,1070
1076,1071
1077,1072
1078,1073
1079,1074
1080,1075
1081,1076
1082,1077
1083,1078
1084,1079
1085,1080
1086,1081
1087,1082
1088,1083
1089,1084
1090,1085
1091,1086
1092,1087
1093,1088
1094,1089
1095,1090
1096,1091
1097,1092
1098,1093
1099,1094
1100,1095
1101,1096
1102,1097
1103,1098
1104,1099
1105,1100
1106,1101
1107,1102
1108,1103
1109,1104
1110,1105
1111,1106
1112,1107
1113,1108
1114,1109
1115,1110
1116,1111
1117,1112
1118,1113
1119,1114
1120,1115
1121,1116
1122,1117
1123,1118
1124,1119
1125,1120
1126,1121
1127,1122
1128,1123
1129,1124
1130,1125
1131,1126
1132,1127
1133,1128
1134,1129
1135,1130
1136,1131
1137,1132
1138,1133
1139,1134
1140,1135
1141,1136
1142,1137
1143,1138
1144,1139
1145,1140
1146,1141
1147,1142
1148,1143
1149,1144
1150,1145
1151,1146
1152,1147
1153,1148
1154,1149
1155,1150
1156,1151
1157,1152
1158,1153
1159,1154
1160,1155
1161,1156
1162,1157
1163,1158
1164,1159
1165,1160
1166,1161
1167,1162
1168,1163
1169,1164
1170,1165
1171,1166
1172,1167
1173,1168
1174,1169
1175,1170
1176,1171
1177,1172
1178,1173
1179,1174
1180,1175
1181,1176
1182,1177
1183,1178
1184,1179
1185,1180
1186,1181
1187,1182
1188,1183
1189,1184
1190,1185
1191,1186
1192,1187
1193,1188
1194,1189
1195,1190
1196,1191
1197,1192
1199,1193
1200,1194
1201,1195
1202,1196
1203,1197
1204,1198
1205,1199
1206,1200
1207,1201
1208,1202
1209,1203
1210,1204
1211,1205
1212,1206
1213,1207
1214,1208
1215,1209
1216,1210
1217,1211
1218,1212
1219,1213
1220,1214
1221,1215
1222,1216
1223,1217
1224,1218
1225,1219
1226,1220
1227,1221
1228,1222
1229,1223
1230,1224
1231,1225
1232,1226
1233,1227
1234,1228
1235,1229
1236,1230
1237,1231
1238,1232
1239,1233
1240,1234
1241,1235
1242,1236
1243,1237
1244,1238
1245,1239
1246,1240
1247,1241
1248,1242
1249,1243
1250,1244
1251,1245
1252,1246
1253,1247
1254,1248
1255,1249
1256,1250
1257,1251
1258,1252
1259,1253
1260,1254
1261,1255
1262,1256
1263,1257
1264,1258
1265,1259
1266,1260
1267,1261
1268,1262
1269,1263
1270,1264
1271,1265
1272,1266
1273,1267
1274,1268
1275,1269
1276,1270
1277,1271
1278,1272
1279,1273
1280,1274
1281,1275
1282,1276
1283,1277
1284,1278
1285,1279
1286,1280
1287,1281
1288,1282
1289,1283
1290,1284
1291,1285
1292,1286
1293,1287
1294,1288
1295,1289
1296,1290
1297,1291
1298,1292
1299,1293
1300,1294
1301,1295
1302,1296
1303,1297
1304,1298
1305,1299
1306,1300
1307,1301
1308,1302
1309,1303
1310,1304
1311,1305
1312,1306
1313,1307
1314,1308
1315,1309
1316,1310
1317,1311
1318,1312
1319,1313
1320,1314
1321,1315
1322,1316
1323,1317
1324,1318
1325,1319
1326,1320
1327,1321
1328,1322
1329,1323
1330,1324
1331,1325
1332,1326
1333,1327
1334,1328
1335,1329
1336,1330
1337,1331
1338,1332
1339,1333
1340,1334
1341,1335
1342,1336
1343,1337
1344,1338
1345,1339
1346,1340
1347,1341
1348,1342
1349,1343
1350,1344
1351,1345
1352,1346
1353,1347
1354,1348
1355,1349
1356,1350
1357,1351
1358,1352
1359,1353
1360,1354
1361,1355
1362,1356
1363,1357
1364,1358
1365,1359
1366,1360
1367,1361
1368,1362
1369,1363
1370,1364
1371,1365
1372,1366
1373,1367
1374,1368
1375,1369
1376,1370
1377,1371
1378,1372
1379,1373
1380,1374
1381,1375
1382,1376
1383,1377
1384,1378
1385,1379
1386,1380
1387,1381
1388,1382
1389,1383
1390,1384
1391,1385
1392,1386
1393,1387
1394,1388
1395,1389
1396,1390
1397,1391
1398,1392
1399,1393
1400,1394
1401,1395
1402,1396
1403,1397
1404,1398
1405,1399
1406,1400
1407,1401
1408,1402
1409,1403
1410,1404
1411,1405
1412,1406
1413,1407
1414,1408
1415,1409
1416,1410
1417,1411
1418,1412
1419,1413
1420,1414
1421,1415
1422,1416
1423,1417
1424,1418
1425,1419
1426,1420
1427,1421
1428,1422
1429,1423
1430,1424
1431,1425
1432,1426
1433,1427
1434,1428
1435,1429
1436,1430
1437,1431
1438,1432
1439,1433
1440,1434
1441,1435
1442,1436
1443,1437
1444,1438
1445,1439
1446,1440
1447,1441
1448,1442
1449,1443
1450,1444
1451,1445
1452,1446
1453,1447
1454,1448
1455,1449
1456,1450
1457,1451
1458,1452
1459,1453
1460,1454
1461,1455
1462,1456
1463,1457
1464,1458
1465,1459
1466,1460
1467,1461
1468,1462
1469,1463
1470,1464
1471,1465
1472,1466
1473,1467
1474,1468
1475,1469
1476,1470
1477,1471
1478,1472
1479,1473
1480,1474
1481,1475
1482,1476
1483,1477
1484,1478
1485,1479
1486,1480
1487,1481
1488,1482
1489,1483
1490,1484
1491,1485
1492,1486
1493,1487
1494,1488
1495,1489
1496,1490
1497,1491
1498,1492
1499,1493
1500,1494
1501,1495
1502,1496
1503,1497
1504,1498
1505,1499
1506,1500
1507,1501
1508,1502
1509,1503
1510,1504
1511,1505
1512,1506
1513,1507
1514,1508
1515,1509
1516,1510
1517,1511
1518,1512
1519,1513
1520,1514
1521,1515
1522,1516
1523,1517
1524,1518
1525,1519
1526,1520
1528,1521
1529,1522
1530,1523
1531,1524
1532,1525
1533,1526
1534,1527
1535,1528
1536,1529
1537,1530
1538,1531
1539,1532
1540,1533
1541,1534
1542,1535
1543,1536
1544,1537
1545,1538
1546,1539
1547,1540
1548,1541
1549,1542
1550,1543
1551,1544
1552,1545
1553,1546
1554,1547
1555,1548
1556,1549
1557,1550
1558,1551
1559,1552
1560,1553
1561,1554
1562,1555
1563,1556
1564,1557
1565,1558
1566,1559
1567,1560
1568,1561
1569,1562
1570,1563
1571,1564
1572,1565
1573,1566
1574,1567
1575,1568
1576,1569
1577,1570
1578,1571
1579,1572
1580,1573
1581,1574
1582,1575
1583,1576
1584,1577
1585,1578
1586,1579
1587,1580
1588,1581
1589,1582
1590,1583
1591,1584
1592,1585
1593,1586
1594,1587
1595,1588
1596,1589
1597,1590
1598,1591
1599,1592
1600,1593
1601,1594
1602,1595
1603,1596
1604,1597
1605,1598
1606,1599
1607,1600
1608,1601
1609,1602
1610,1603
1611,1604
1612,1605
1613,1606
1614,1607
1615,1608
1616,1609
1617,1610
1618,1611
1619,1612
1620,1613
1621,1614
1622,1615
1623,1616
1624,1617
1625,1618
1626,1619
1627,1620
1628,1621
1629,1622
1630,1623
1631,1624
1632,1625
1633,1626
1634,1627
1635,1628
1636,1629
1637,1630
1638,1631
1639,1632
1640,1633
1641,1634
1642,1635
1643,1636
1644,1637
1645,1638
1646,1639
1647,1640
1648,1641
1649,1642
1650,1643
1651,1644
1652,1645
1653,1646
1654,1647
1655,1648
1656,1649
1657,1650
1658,1651
1659,1652
1660,1653
1661,1654
1662,1655
1663,1656
1664,1657
1665,1658
1666,1659
1667,1660
1668,1661
1669,1662
1670,1663
1671,1664
1672,1665
1673,1666
1674,1667
1675,1668
1676,1669
1677,1670
1678,1671
1680,1672
1681,1673
1682,1674
1683,1675
1684,1676
1685,1677
1686,1678
1687,1679
1688,1680
1689,1681
1690,1682
1691,1683
1692,1684
1693,1685
1694,1686
1695,1687
1696,1688
1697,1689
1698,1690
1699,1691
1700,1692
1701,1693
1702,1694
1703,1695
1704,1696
1705,1697
1706,1698
1707,1699
1708,1700
1709,1701
1710,1702
1711,1703
1712,1704
1713,1705
1714,1706
1715,1707
1716,1708
1717,1709
1718,1710
1719,1711
1720,1712
1721,1713
1722,1714
1723,1715
1724,1716
1725,1717
1726,1718
1727,1719
1728,1720
1729,1721
1730,1722
1731,1723
1732,1724
1733,1725
1734,1726
1735,1727
1736,1728
1737,1729
1738,1730
1739,1731
1740,1732
1741,1733
1742,1734
1743,1735
1744,1736
1745,1737
1746,1738
1747,1739
1748,1740
1749,1741
1750,1742
1751,1743
1752,1744
1753,1745
1754,1746
1755,1747
1756,1748
1757,1749
1758,1750
1759,1751
1760,1752
1761,1753
1762,1754
1763,1755
1764,1756
1765,1757
1766,1758
1767,1759
1768,1760
1769,1761
1770,1762
1771,1763
1772,1764
1773,1765
1774,1766
1775,1767
1776,1768
1777,1769
1778,1770
1779,1771
1780,1772
1781,1773
1782,1774
1783,1775
1784,1776
1785,1777
1786,1778
1787,1779
1788,1780
1789,1781
1790,1782
1791,1783
1792,1784
1793,1785
1794,1786
1795,1787
1796,1788
1797,1789
1798,1790
1799,1791
1800,1792
1801,1793
1802,1794
1803,1795
1804,1796
1805,1797
1806,1798
1807,1799
1808,1800
1809,1801
1810,1802
1811,1803
1812,1804
1813,1805
1814,1806
1815,1807
1816,1808
1817,1809
1818,1810
1819,1811
1820,1812
1821,1813
1822,1814
1823,1815
1824,1816
1825,1817
1826,1818
1827,1819
1828,1820
1829,1821
1830,1822
1831,1823
1832,1824
1833,1825
1834,1826
1835,1827
1836,1828
1837,1829
1838,1830
1839,1831
1840,1832
1841,1833
1842,1834
1843,1835
1844,1836
1845,1837
1846,1838
1847,1839
1848,1840
1849,1841
1850,1842
1851,1843
1852,1844
1853,1845
1854,1846
1855,1847
1856,1848
1857,1849
1858,1850
1859,1851
1860,1852
1861,1853
1862,1854
1863,1855
1864,1856
1865,1857
1866,1858
1867,1859
1868,1860
1869,1861
1870,1862
1871,1863
1872,1864
1873,1865
1874,1866
1875,1867
1876,1868
1877,1869
1878,1870
1879,1871
1880,1872
1881,1873
1882,1874
1883,1875
1884,1876
1885,1877
1886,1878
1887,1879
1888,1880
1889,1881
1890,1882
1891,1883
1892,1884
1893,1885
1894,1886
1895,1887
1896,1888
1897,1889
1898,1890
1899,1891
1900,1892
1901,1893
1902,1894
1903,1895
1904,1896
1905,1897
1906,1898
1907,1899
1908,1900
1909,1901
1910,1902
1911,1903
1912,1904
1913,1905
1914,1906
1915,1907
1916,1908
1917,1909
1918,1910
1919,1911
1920,1912
1921,1913
1922,1914
1923,1915
1924,1916
1925,1917
1926,1918
1927,1919
1928,1920
1929,1921
1930,1922
1931,1923
1932,1924
1933,1925
1934,1926
1935,1927
1936,1928
1937,1929
1938,1930
1939,1931
1940,1932
1942,1933
1943,1934
1944,1935
1945,1936
1946,1937
1947,1938
1948,1939
1949,1940
1950,1941
1951,1942
1952,1943
1953,1944
1954,1945
1955,1946
1956,1947
1957,1948
1958,1949
1959,1950
1960,1951
1961,1952
1962,1953
1963,1954
1964,1955
1965,1956
1966,1957
1967,1958
1968,1959
1969,1960
1970,1961
1971,1962
1972,1963
1973,1964
1974,1965
1975,1966
1976,1967
1977,1968
1978,1969
1979,1970
1980,1971
1981,1972
1982,1973
1983,1974
1984,1975
1985,1976
1986,1977
1987,1978
1988,1979
1989,1980
1990,1981
1991,1982
1992,1983
1993,1984
1994,1985
1995,1986
1996,1987
1997,1988
1998,1989
1999,1990
2000,1991
2001,1992
2002,1993
2003,1994
2004,1995
2005,1996
2006,1997
2007,1998
2008,1999
2009,2000
2010,2001
2011,2002
2012,2003
2013,2004
2014,2005
2015,2006
2016,2007
2017,2008
2018,2009
2019,2010
2020,2011
2021,2012
2022,2013
2023,2014
2024,2015
2025,2016
2026,2017
2027,2018
2028,2019
2029,2020
2030,2021
2031,2022
2032,2023
2033,2024
2034,2025
2035,2026
2036,2027
2037,2028
2038,2029
2039,2030
2040,2031
2041,2032
2042,2033
2043,2034
2044,2035
2045,2036
2046,2037
2047,2038
2048,2039
2049,2040
2050,2041
2051,2042
2052,2043
2053,2044
2054,2045
2055,2046
2056,2047
2057,2048
2058,2049
2059,2050
2060,2051
2061,2052
2062,2053
2063,2054
2064,2055
2065,2056
2066,2057
2067,2058
2068,2059
2069,2060
2070,2061
2071,2062
2072,2063
2073,2064
2074,2065
2075,2066
2076,2067
2077,2068
2078,2069
2079,2070
2080,2071
2081,2072
2082,2073
2083,2074
2084,2075
2085,2076
2086,2077
2087,2078
2088,2079
2089,2080
2090,2081
2091,2082
2092,2083
2093,2084
2094,2085
2095,2086
2096,2087
2097,2088
2098,2089
2099,2090
2100,2091
2101,2092
2102,2093
2103,2094
2104,2095
2105,2096
2106,2097
2107,2098
2108,2099
2109,2100
2110,2101
2111,2102
2112,2103
2113,2104
2114,2105
2115,2106
2116,2107
2117,2108
2118,2109
2119,2110
2120,2111
2121,2112
2122,2113
2123,2114
2124,2115
2125,2116
2126,2117
2127,2118
2128,2119
2129,2120
2130,2121
2131,2122
2132,2123
2133,2124
2134,2125
2135,2126
2136,2127
2137,2128
2138,2129
2139,2130
2140,2131
2141,2132
2142,2133
2143,2134
2144,2135
2145,2136
2146,2137
2147,2138
2148,2139
2149,2140
2150,2141
2151,2142
2152,2143
2153,2144
2154,2145
2155,2146
2156,2147
2157,2148
2158,2149
2159,2150
2160,2151
2161,2152
2162,2153
2163,2154
2164,2155
2165,2156
2166,2157
2167,2158
2168,2159
2169,2160
2170,2161
2171,2162
2172,2163
2173,2164
2174,2165
2175,2166
2176,2167
2177,2168
2178,2169
2179,2170
2180,2171
2181,2172
2182,2173
2183,2174
2184,2175
2185,2176
2186,2177
2187,2178
2188,2179
2189,2180
2190,2181
2191,2182
2192,2183
2193,2184
2194,2185
2195,2186
2196,2187
2197,2188
2198,2189
2199,2190
2200,2191
2201,2192
2202,2193
2203,2194
2204,2195
2205,2196
2206,2197
2207,2198
2208,2199
2209,2200
2210,2201
2211,2202
2212,2203
2213,2204
2214,2205
2215,2206
2216,2207
2217,2208
2218,2209
2219,2210
2220,2211
2221,2212
2222,2213
2223,2214
2224,2215
2225,2216
2226,2217
2227,2218
2228,2219
2229,2220
2230,2221
2231,2222
2232,2223
2233,2224
2234,2225
2235,2226
2236,2227
2237,2228
2238,2229
2239,2230
2240,2231
2241,2232
2242,2233
2243,2234
2244,2235
2245,2236
2246,2237
2247,2238
2248,2239
2249,2240
2250,2241
2251,2242
2252,2243
2253,2244
2254,2245
2255,2246
2256,2247
2257,2248
2258,2249
2259,2250
2260,2251
2261,2252
2262,2253
2263,2254
2264,2255
2265,2256
2266,2257
2267,2258
2268,2259
2269,2260
2270,2261
2271,2262
2273,2263
2274,2264
2275,2265
2276,2266
2277,2267
2278,2268
2279,2269
2280,2270
2281,2271
2282,2272
2283,2273
2284,2274
2285,2275
2286,2276
2287,2277
2288,2278
2289,2279
2290,2280
2291,2281
2292,2282
2293,2283
2294,2284
2295,2285
2296,2286
2297,2287
2298,2288
2299,2289
2300,2290
2301,2291
2302,2292
2303,2293
2304,2294
2305,2295
2306,2296
2307,2297
2308,2298
2309,2299
2310,2300
2311,2301
2312,2302
2313,2303
2314,2304
2315,2305
2316,2306
2317,2307
2318,2308
2319,2309
2320,2310
2321,2311
2322,2312
2323,2313
2324,2314
2325,2315
2326,2316
2327,2317
2328,2318
2329,2319
2330,2320
2331,2321
2332,2322
2333,2323
2334,2324
2335,2325
2336,2326
2337,2327
2338,2328
2339,2329
2340,2330
2341,2331
2342,2332
2343,2333
2344,2334
2345,2335
2346,2336
2347,2337
2348,2338
2349,2339
2350,2340
2351,2341
2352,2342
2353,2343
2354,2344
2355,2345
2356,2346
2357,2347
2358,2348
2359,2349
2360,2350
2361,2351
2362,2352
2363,2353
2364,2354
2365,2355
2366,2356
2367,2357
2368,2358
2370,2359
2371,2360
2372,2361
2373,2362
2374,2363
2375,2364
2376,2365
2377,2366
2378,2367
2379,2368
2380,2369
2381,2370
2382,2371
2383,2372
2384,2373
2385,2374
2386,2375
2387,2376
2388,2377
2389,2378
2390,2379
2391,2380
2392,2381
2393,2382
2394,2383
2395,2384
2396,2385
2397,2386
2398,2387
2399,2388
2400,2389
2401,2390
2402,2391
2403,2392
2404,2393
2405,2394
2406,2395
2407,2396
2408,2397
2409,2398
2410,2399
2411,2400
2412,2401
2413,2402
2414,2403
2415,2404
2416,2405
2417,2406
2418,2407
2419,2408
2420,2409
2421,2410
2422,2411
2423,2412
2424,2413
2425,2414
2426,2415
2427,2416
2428,2417
2429,2418
2430,2419
2431,2420
2432,2421
2433,2422
2434,2423
2435,2424
2436,2425
2437,2426
2438,2427
2439,2428
2440,2429
2441,2430
2442,2431
2443,2432
2444,2433
2445,2434
2446,2435
2447,2436
2448,2437
2449,2438
2450,2439
2451,2440
2452,2441
2453,2442
2454,2443
2455,2444
2456,2445
2457,2446
2458,2447
2459,2448
2460,2449
2461,2450
2462,2451
2463,2452
2464,2453
2465,2454
2466,2455
2467,2456
2468,2457
2469,2458
2470,2459
2471,2460
2472,2461
2473,2462
2474,2463
2476,2464
2477,2465
2478,2466
2479,2467
2480,2468
2481,2469
2482,2470
2483,2471
2484,2472
2485,2473
2486,2474
2487,2475
2488,2476
2489,2477
2490,2478
2491,2479
2492,2480
2493,2481
2494,2482
2495,2483
2496,2484
2497,2485
2498,2486
2499,2487
2500,2488
2501,2489
2502,2490
2503,2491
2504,2492
2505,2493
2506,2494
2507,2495
2508,2496
2509,2497
2510,2498
2511,2499
2512,2500
2513,2501
2514,2502
2515,2503
2516,2504
2517,2505
2518,2506
2519,2507
2520,2508
2521,2509
2522,2510
2523,2511
2524,2512
2525,2513
2526,2514
2527,2515
2528,2516
2529,2517
2530,2518
2531,2519
2532,2520
2533,2521
2534,2522
2535,2523
2536,2524
2537,2525
2538,2526
2539,2527
2540,2528
2541,2529
2542,2530
2543,2531
2544,2532
2545,2533
2546,2534
2547,2535
2548,2536
2549,2537
2550,2538
2551,2539
2552,2540
2553,2541
2554,2542
2555,2543
2556,2544
2557,2545
2558,2546
2559,2547
2560,2548
2561,2549
2562,2550
2563,2551
2564,2552
2565,2553
2566,2554
2567,2555
2568,2556
2569,2557
2570,2558
2571,2559
2573,2560
2574,2561
2575,2562
2576,2563
2577,2564
2578,2565
2579,2566
2580,2567
2581,2568
2582,2569
2583,2570
2584,2571
2585,2572
2586,2573
2587,2574
2588,2575
2589,2576
2590,2577
2591,2578
2592,2579
2593,2580
2594,2581
2595,2582
2596,2583
2597,2584
2598,2585
2599,2586
2600,2587
2601,2588
2602,2589
2603,2590
2604,2591
2605,2592
2606,2593
2607,2594
2608,2595
2609,2596
2610,2597
2611,2598
2612,2599
2613,2600
2614,2601
2615,2602
2616,2603
2617,2604
2618,2605
2619,2606
2620,2607
2621,2608
2622,2609
2623,2610
2624,2611
2625,2612
2626,2613
2627,2614
2628,2615
2629,2616
2630,2617
2631,2618
2632,2619
2633,2620
2634,2621
2635,2622
2636,2623
2637,2624
2638,2625
2639,2626
2640,2627
2641,2628
2642,2629
2643,2630
2644,2631
2645,2632
2646,2633
2647,2634
2648,2635
2649,2636
2650,2637
2651,2638
2652,2639
2653,2640
2654,2641
2655,2642
2656,2643
2657,2644
2658,2645
2659,2646
2660,2647
2661,2648
2662,2649
2663,2650
2664,2651
2665,2652
2666,2653
2667,2654
2668,2655
2669,2656
2670,2657
2671,2658
2672,2659
2673,2660
2674,2661
2675,2662
2676,2663
2677,2664
2678,2665
2679,2666
2680,2667
2681,2668
2682,2669
2683,2670
2684,2671
2685,2672
2686,2673
2687,2674
2688,2675
2689,2676
2690,2677
2691,2678
2692,2679
2693,2680
2694,2681
2695,2682
2696,2683
2697,2684
2698,2685
2699,2686
2700,2687
2701,2688
2702,2689
2703,2690
2704,2691
2705,2692
2706,2693
2707,2694
2708,2695
2709,2696
2710,2697
2711,2698
2712,2699
2713,2700
2714,2701
2715,2702
2716,2703
2717,2704
2718,2705
2719,2706
2720,2707
2721,2708
2722,2709
2723,2710
2724,2711
2725,2712
2726,2713
2727,2714
2728,2715
2729,2716
2730,2717
2731,2718
2732,2719
2733,2720
2734,2721
2735,2722
2736,2723
2737,2724
2738,2725
2739,2726
2740,2727
2741,2728
2742,2729
2743,2730
2744,2731
2745,2732
2746,2733
2747,2734
2748,2735
2749,2736
2750,2737
2751,2738
2752,2739
2753,2740
2754,2741
2755,2742
2756,2743
2757,2744
2758,2745
2759,2746
2760,2747
2761,2748
2762,2749
2763,2750
2764,2751
2765,2752
2766,2753
2767,2754
2768,2755
2769,2756
2770,2757
2771,2758
2772,2759
2773,2760
2774,2761
2775,2762
2776,2763
2777,2764
2778,2765
2779,2766
2780,2767
2781,2768
2782,2769
2783,2770
2784,2771
2785,2772
2786,2773
2787,2774
2788,2775
2789,2776
2790,2777
2791,2778
2792,2779
2793,2780
2796,2781
2797,2782
2798,2783
2799,2784
2800,2785
2801,2786
2802,2787
2803,2788
2804,2789
2805,2790
2806,2791
2807,2792
2808,2793
2809,2794
2810,2795
2811,2796
2812,2797
2813,2798
2814,2799
2815,2800
2816,2801
2817,2802
2818,2803
2819,2804
2820,2805
2821,2806
2822,2807
2823,2808
2824,2809
2825,2810
2826,2811
2827,2812
2828,2813
2829,2814
2830,2815
2831,2816
2832,2817
2833,2818
2834,2819
2835,2820
2836,2821
2837,2822
2838,2823
2839,2824
2840,2825
2841,2826
2842,2827
2843,2828
2844,2829
2845,2830
2846,2831
2847,2832
2848,2833
2849,2834
2850,2835
2851,2836
2852,2837
2853,2838
2854,2839
2855,2840
2856,2841
2857,2842
2858,2843
2859,2844
2860,2845
2861,2846
2862,2847
2863,2848
2864,2849
2865,2850
2866,2851
2867,2852
2868,2853
2869,2854
2870,2855
2871,2856
2872,2857
2873,2858
2874,2859
2875,2860
2876,2861
2877,2862
2878,2863
2879,2864
2880,2865
2881,2866
2882,2867
2883,2868
2884,2869
2885,2870
2886,2871
2887,2872
2888,2873
2889,2874
2890,2875
2891,2876
2892,2877
2893,2878
2894,2879
2895,2880
2896,2881
2898,2882
2899,2883
2900,2884
2901,2885
2902,2886
2903,2887
2904,2888
2905,2889
2906,2890
2907,2891
2908,2892
2909,2893
2910,2894
2911,2895
2912,2896
2913,2897
2914,2898
2915,2899
2916,2900
2917,2901
2918,2902
2919,2903
2921,2904
2922,2905
2923,2906
2924,2907
2925,2908
2926,2909
2927,2910
2928,2911
2929,2912
2930,2913
2931,2914
2932,2915
2933,2916
2934,2917
2935,2918
2936,2919
2937,2920
2938,2921
2939,2922
2940,2923
2941,2924
2942,2925
2943,2926
2944,2927
2945,2928
2946,2929
2947,2930
2948,2931
2949,2932
2950,2933
2951,2934
2952,2935
2953,2936
2954,2937
2955,2938
2956,2939
2957,2940
2958,2941
2959,2942
2960,2943
2961,2944
2962,2945
2963,2946
2964,2947
2965,2948
2966,2949
2967,2950
2968,2951
2969,2952
2970,2953
2971,2954
2972,2955
2973,2956
2974,2957
2975,2958
2976,2959
2977,2960
2978,2961
2979,2962
2980,2963
2981,2964
2982,2965
2983,2966
2984,2967
2985,2968
2986,2969
2987,2970
2988,2971
2989,2972
2990,2973
2991,2974
2992,2975
2993,2976
2994,2977
2995,2978
2996,2979
2997,2980
2998,2981
2999,2982
3000,2983
3001,2984
3002,2985
3003,2986
3004,2987
3005,2988
3006,2989
3007,2990
3008,2991
3009,2992
3010,2993
3011,2994
3012,2995
3013,2996
3014,2997
3015,2998
3016,2999
3017,3000
3018,3001
3019,3002
3020,3003
3021,3004
3022,3005
3023,3006
3024,3007
3025,3008
3026,3009
3027,3010
3028,3011
3029,3012
3030,3013
3031,3014
3032,3015
3033,3016
3034,3017
3035,3018
3036,3019
3037,3020
3038,3021
3039,3022
3040,3023
3041,3024
3042,3025
3043,3026
3044,3027
3045,3028
3046,3029
3047,3030
3048,3031
3049,3032
3050,3033
3051,3034
3052,3035
3053,3036
3054,3037
3055,3038
3056,3039
3057,3040
3058,3041
3059,3042
3060,3043
3061,3044
3062,3045
3063,3046
3064,3047
3065,3048
3066,3049
3067,3050
3068,3051
3069,3052
3070,3053
3071,3054
3072,3055
3073,3056
3074,3057
3075,3058
3076,3059
3077,3060
3078,3061
3079,3062
3080,3063
3081,3064
3082,3065
3083,3066
3084,3067
3085,3068
3086,3069
3087,3070
3088,3071
3089,3072
3090,3073
3091,3074
3092,3075
3093,3076
3094,3077
3095,3078
3096,3079
3097,3080
3098,3081
3099,3082
3100,3083
3101,3084
3102,3085
3103,3086
3104,3087
3105,3088
3106,3089
3107,3090
3108,3091
3109,3092
3110,3093
3111,3094
3112,3095
3113,3096
3114,3097
3115,3098
3116,3099
3117,3100
3118,3101
3119,3102
3120,3103
3121,3104
3122,3105
3123,3106
3124,3107
3125,3108
3126,3109
3127,3110
3128,3111
3129,3112
3130,3113
3131,3114
3132,3115
3133,3116
3134,3117
3135,3118
3136,3119
3137,3120
3138,3121
3139,3122
3140,3123
3141,3124
3142,3125
3143,3126
3144,3127
3145,3128
3146,3129
3147,3130
3148,3131
3149,3132
3150,3133
3151,3134
3152,3135
3153,3136
3154,3137
3155,3138
3156,3139
3157,3140
3158,3141
3159,3142
3160,3143
3161,3144
3162,3145
3163,3146
3164,3147
3165,3148
3166,3149
3167,3150
3168,3151
3169,3152
3170,3153
3171,3154
3172,3155
3173,3156
3174,3157
3175,3158
3176,3159
3177,3160
3178,3161
3179,3162
3180,3163
3181,3164
3182,3165
3183,3166
3184,3167
3185,3168
3186,3169
3187,3170
3188,3171
3189,3172
3190,3173
3191,3174
3192,3175
3193,3176
3194,3177
3195,3178
3196,3179
3197,3180
3198,3181
3199,3182
3200,3183
3201,3184
3202,3185
3203,3186
3204,3187
3205,3188
3206,3189
3207,3190
3208,3191
3209,3192
3210,3193
3211,3194
3212,3195
3213,3196
3214,3197
3215,3198
3216,3199
3217,3200
3218,3201
3219,3202
3220,3203
3221,3204
3222,3205
3223,3206
3224,3207
3225,3208
3226,3209
3227,3210
3228,3211
3229,3212
3230,3213
3231,3214
3232,3215
3233,3216
3234,3217
3235,3218
3236,3219
3237,3220
3238,3221
3239,3222
3240,3223
3241,3224
3242,3225
3243,3226
3244,3227
3245,3228
3246,3229
3247,3230
3248,3231
3249,3232
3250,3233
3251,3234
3252,3235
3253,3236
3254,3237
3255,3238
3256,3239
3257,3240
3258,3241
3259,3242
3260,3243
3261,3244
3262,3245
3263,3246
3264,3247
3265,3248
3266,3249
3267,3250
3268,3251
3269,3252
3270,3253
3271,3254
3272,3255
3273,3256
3274,3257
3275,3258
3276,3259
3277,3260
3278,3261
3279,3262
3280,3263
3281,3264
3282,3265
3283,3266
3284,3267
3285,3268
3286,3269
3287,3270
3288,3271
3289,3272
3290,3273
3291,3274
3292,3275
3293,3276
3294,3277
3295,3278
3296,3279
3297,3280
3298,3281
3299,3282
3300,3283
3301,3284
3302,3285
3303,3286
3304,3287
3305,3288
3306,3289
3307,3290
3308,3291
3309,3292
3310,3293
3311,3294
3312,3295
3313,3296
3314,3297
3315,3298
3316,3299
3317,3300
3318,3301
3319,3302
3320,3303
3321,3304
3322,3305
3323,3306
3324,3307
3325,3308
3326,3309
3327,3310
3328,3311
3329,3312
3330,3313
3331,3314
3332,3315
3333,3316
3334,3317
3335,3318
3336,3319
3337,3320
3338,3321
3339,3322
3340,3323
3341,3324
3342,3325
3343,3326
3344,3327
3345,3328
3346,3329
3347,3330
3348,3331
3349,3332
3350,3333
3351,3334
3352,3335
3353,3336
3354,3337
3355,3338
3356,3339
3357,3340
3358,3341
3359,3342
3360,3343
3361,3344
3362,3345
3363,3346
3364,3347
3365,3348
3366,3349
3367,3350
3368,3351
3369,3352
3370,3353
3371,3354
3372,3355
3373,3356
3374,3357
3375,3358
3376,3359
3377,3360
3378,3361
3379,3362
3380,3363
3381,3364
3382,3365
3383,3366
3384,3367
3385,3368
3386,3369
3387,3370
3388,3371
3389,3372
3390,3373
3391,3374
3392,3375
3393,3376
3394,3377
3395,3378
3396,3379
3397,3380
3398,3381
3399,3382
3400,3383
3401,3384
3402,3385
3403,3386
3404,3387
3405,3388
3406,3389
3407,3390
3408,3391
3409,3392
3410,3393
3411,3394
3412,3395
3413,3396
3414,3397
3415,3398
3416,3399
3417,3400
3418,3401
3419,3402
3420,3403
3421,3404
3422,3405
3423,3406
3424,3407
3425,3408
3426,3409
3427,3410
3428,3411
3429,3412
3430,3413
3431,3414
3432,3415
3433,3416
3434,3417
3435,3418
3436,3419
3437,3420
3438,3421
3439,3422
3440,3423
3441,3424
3442,3425
3443,3426
3444,3427
3445,3428
3446,3429
3447,3430
3448,3431
3449,3432
3450,3433
3451,3434
3452,3435
3453,3436
3454,3437
3455,3438
3456,3439
3457,3440
3458,3441
3459,3442
3460,3443
3461,3444
3462,3445
3463,3446
3464,3447
3465,3448
3466,3449
3467,3450
3468,3451
3469,3452
3470,3453
3471,3454
3472,3455
3473,3456
3474,3457
3475,3458
3476,3459
3477,3460
3478,3461
3479,3462
3480,3463
3481,3464
3482,3465
3483,3466
3484,3467
3485,3468
3486,3469
3487,3470
3488,3471
3489,3472
3490,3473
3491,3474
3492,3475
3493,3476
3494,3477
3495,3478
3496,3479
3497,3480
3498,3481
3499,3482
3500,3483
3501,3484
3502,3485
3503,3486
3504,3487
3505,3488
3506,3489
3507,3490
3508,3491
3509,3492
3510,3493
3511,3494
3512,3495
3513,3496
3514,3497
3515,3498
3516,3499
3517,3500
3518,3501
3519,3502
3520,3503
3521,3504
3522,3505
3523,3506
3524,3507
3525,3508
3526,3509
3527,3510
3528,3511
3529,3512
3530,3513
3531,3514
3532,3515
3533,3516
3534,3517
3535,3518
3536,3519
3537,3520
3538,3521
3539,3522
3540,3523
3541,3524
3542,3525
3543,3526
3544,3527
3545,3528
3546,3529
3547,3530
3548,3531
3549,3532
3550,3533
3551,3534
3552,3535
3553,3536
3554,3537
3555,3538
3556,3539
3557,3540
3558,3541
3559,3542
3560,3543
3561,3544
3562,3545
3563,3546
3564,3547
3565,3548
3566,3549
3567,3550
3568,3551
3569,3552
3570,3553
3571,3554
3572,3555
3573,3556
3574,3557
3575,3558
3576,3559
3577,3560
3578,3561
3579,3562
3580,3563
3581,3564
3582,3565
3583,3566
3584,3567
3585,3568
3586,3569
3587,3570
3588,3571
3589,3572
3590,3573
3591,3574
3592,3575
3593,3576
3594,3577
3595,3578
3596,3579
3597,3580
3598,3581
3599,3582
3600,3583
3601,3584
3602,3585
3603,3586
3604,3587
3605,3588
3606,3589
3607,3590
3608,3591
3609,3592
3610,3593
3611,3594
3612,3595
3613,3596
3614,3597
3615,3598
3616,3599
3617,3600
3618,3601
3619,3602
3620,3603
3621,3604
3622,3605
3623,3606
3624,3607
3625,3608
3626,3609
3627,3610
3628,3611
3629,3612
3630,3613
3631,3614
3632,3615
3633,3616
3634,3617
3635,3618
3636,3619
3637,3620
3638,3621
3639,3622
3640,3623
3641,3624
3642,3625
3643,3626
3644,3627
3645,3628
3646,3629
3647,3630
3648,3631
3649,3632
3650,3633
3651,3634
3652,3635
3653,3636
3654,3637
3655,3638
3656,3639
3657,3640
3658,3641
3659,3642
3660,3643
3661,3644
3662,3645
3663,3646
3664,3647
3665,3648
3666,3649
3667,3650
3668,3651
3669,3652
3670,3653
3671,3654
3672,3655
3673,3656
3674,3657
3675,3658
3676,3659
3677,3660
3678,3661
3679,3662
3680,3663
3681,3664
3682,3665
3683,3666
3684,3667
3685,3668
3686,3669
3687,3670
3688,3671
3689,3672
3690,3673
3691,3674
3692,3675
3693,3676
3694,3677
3695,3678
3696,3679
3697,3680
3698,3681
3699,3682
3700,3683
3701,3684
3702,3685
3703,3686
3704,3687
3705,3688
3706,3689
3707,3690
3708,3691
3709,3692
3710,3693
3711,3694
3712,3695
3713,3696
3714,3697
3715,3698
3716,3699
3717,3700
3718,3701
3719,3702
3720,3703
3721,3704
3722,3705
3723,3706
3724,3707
3725,3708
3726,3709
3727,3710
3728,3711
3729,3712
3730,3713
3731,3714
3732,3715
3733,3716
3734,3717
3735,3718
3736,3719
3737,3720
3738,3721
3739,3722
3740,3723
3741,3724
3742,3725
3743,3726
3744,3727
3745,3728
3746,3729
3747,3730
3749,3731
3750,3732
3751,3733
3752,3734
3753,3735
3754,3736
3755,3737
3756,3738
3757,3739
3758,3740
3759,3741
3760,3742
3761,3743
3762,3744
3763,3745
3764,3746
3765,3747
3766,3748
3767,3749
3768,3750
3769,3751
3770,3752
3771,3753
3772,3754
3773,3755
3774,3756
3775,3757
3776,3758
3777,3759
3778,3760
3779,3761
3780,3762
3781,3763
3782,3764
3783,3765
3784,3766
3785,3767
3786,3768
3787,3769
3788,3770
3789,3771
3790,3772
3791,3773
3792,3774
3793,3775
3794,3776
3795,3777
3796,3778
3797,3779
3798,3780
3799,3781
3800,3782
3801,3783
3802,3784
3803,3785
3804,3786
3805,3787
3806,3788
3807,3789
3808,3790
3809,3791
3810,3792
3811,3793
3812,3794
3813,3795
3814,3796
3815,3797
3816,3798
3817,3799
3818,3800
3819,3801
3820,3802
3821,3803
3822,3804
3823,3805
3824,3806
3825,3807
3826,3808
3827,3809
3828,3810
3829,3811
3830,3812
3831,3813
3832,3814
3833,3815
3834,3816
3835,3817
3836,3818
3837,3819
3838,3820
3839,3821
3840,3822
3841,3823
3842,3824
3843,3825
3844,3826
3845,3827
3846,3828
3847,3829
3848,3830
3849,3831
3850,3832
3851,3833
3852,3834
3853,3835
3854,3836
3855,3837
3856,3838
3857,3839
3858,3840
3859,3841
3860,3842
3861,3843
3862,3844
3863,3845
3864,3846
3865,3847
3866,3848
3867,3849
3868,3850
3869,3851
3870,3852
3871,3853
3872,3854
3873,3855
3874,3856
3875,3857
3876,3858
3877,3859
3878,3860
3879,3861
3880,3862
3881,3863
3882,3864
3883,3865
3884,3866
3885,3867
3886,3868
3887,3869
3888,3870
3889,3871
3890,3872
3891,3873
3892,3874
3893,3875
3894,3876
3895,3877
3896,3878
3897,3879
3898,3880
3899,3881
3900,3882
3901,3883
3902,3884
3903,3885
3904,3886
3905,3887
3906,3888
3907,3889
3908,3890
3909,3891
3910,3892
3911,3893
3912,3894
3913,3895
3914,3896
3915,3897
3916,3898
3917,3899
3918,3900
3919,3901
3920,3902
3921,3903
3922,3904
3923,3905
3924,3906
3925,3907
3926,3908
3927,3909
3928,3910
3929,3911
3930,3912
3931,3913
3932,3914
3933,3915
3934,3916
3935,3917
3936,3918
3937,3919
3938,3920
3939,3921
3940,3922
3941,3923
3942,3924
3943,3925
3944,3926
3945,3927
3946,3928
3947,3929
3948,3930
3949,3931
3950,3932
3951,3933
3952,3934
3953,3935
3954,3936
3955,3937
3956,3938
3957,3939
3958,3940
3959,3941
3960,3942
3961,3943
3962,3944
3963,3945
3964,3946
3965,3947
3966,3948
3967,3949
3968,3950
3969,3951
3970,3952
3971,3953
3972,3954
3973,3955
3974,3956
3975,3957
3976,3958
3977,3959
3978,3960
3979,3961
3980,3962
3981,3963
3982,3964
3983,3965
3984,3966
3985,3967
3986,3968
3987,3969
3988,3970
3989,3971
3990,3972
3991,3973
3992,3974
3993,3975
3994,3976
3995,3977
3996,3978
3997,3979
3998,3980
3999,3981
4000,3982
